Restaurant__c,Name,Price__c,Category__c,Available__c,Prep_Time_Minutes__c,Allergens__c
001DQ00000N9TWWYA3,Gyros Plate,10.81,Starter,true,28.0,"No known allergens. Ingredients: Salt, Basil, Garlic, Lettuce, Parsley, Rice, Chickpeas, Bell Pepper."
001DQ00000N9TWWYA3,Souvlaki Skewers,5.65,Main,true,15.0,"Contains: Nuts. Ingredients: Parsley, Paprika, Black Pepper, Pistachios, Coriander, Chickpeas, Garlic, Olive Oil."
001DQ00000N9TWWYA3,Greek Salad,15.43,Side,true,11.0,"Contains: Shellfish. Ingredients: Crab, Garlic, Bell Pepper, Chickpeas, Tomato, Parsley, Potato, Rice."
001DQ00000N9TWWYA3,Moussaka,9.34,Dessert,true,32.0,"No known allergens. Ingredients: Carrot, Lime, Chickpeas, Basil, Tomato, Potato, Chilli, Ginger."
001DQ00000N9TWWYA3,Spanakopita,12.72,Drink,true,10.0,"Contains: Dairy, Eggs. Ingredients: Tomato, Paneer, Lettuce, Scallion, Egg Noodles, Carrot, Potato, Chickpeas."
001DQ00000N9TWWYA3,Tzatziki and Pita,17.12,Starter,true,34.0,"Contains: Fish. Ingredients: Potato, Lettuce, Salt, Cumin, Bell Pepper, Carrot, Onion, Eel."
001DQ00000N9TWWYA3,Dolmades,22.38,Main,true,13.0,"Contains: Soy. Ingredients: Lemon, Black Pepper, Olive Oil, Scallion, Salt, Spinach, Soy Sauce, Parsley."
001DQ00000N9TWWYA3,Halloumi Fries,4.74,Side,true,13.0,"No known allergens. Ingredients: Lime, Spinach, Coriander, Chilli, Salt, Chickpeas, Parsley, Onion."
001DQ00000N9TWWYA3,Lamb Kleftiko,12.19,Dessert,true,20.0,"No known allergens. Ingredients: Carrot, Cumin, Chilli, Lettuce, Garlic, Rice, Bell Pepper, Tomato."
001DQ00000N9TWWYA3,Baklava,5.87,Drink,true,20.0,"No known allergens. Ingredients: Salt, Potato, Bell Pepper, Lemon, Lettuce, Chickpeas, Lime, Paprika."
001DQ00000N9TWWYA3,Pastitsio,19.12,Starter,true,23.0,"Contains: Dairy, Soy. Ingredients: Salt, Soy Sauce, Onion, Scallion, Basil, Cheese, Parsley, Coriander."
001DQ00000N9TWWYA3,Keftedes,19.55,Main,true,32.0,"Contains: Shellfish. Ingredients: Lime, Black Pepper, Rice, Olive Oil, Basil, Lobster, Potato, Scallion."
001DQ00000N9TWWYA3,Fava Dip,8.28,Side,true,19.0,"Contains: Eggs. Ingredients: Rice, Olive Oil, Tomato, Mayonnaise, Potato, Lime, Chilli, Bell Pepper."
001DQ00000N9TWWYA3,Octopus Salad,20.09,Dessert,true,29.0,"No known allergens. Ingredients: Spinach, Rice, Cumin, Lime, Black Pepper, Tomato, Potato, Chilli."
001DQ00000N9TWWYA3,Feta Saganaki,5.04,Drink,true,22.0,"Contains: Dairy, Soy. Ingredients: Onion, Coriander, Halloumi, Parsley, Lettuce, Scallion, Lime, Edamame."
001DQ00000N9TWWYA3,Chicken Souvlaki Wrap,5.05,Starter,true,24.0,"No known allergens. Ingredients: Chilli, Chickpeas, Lemon, Parsley, Garlic, Spinach, Coriander, Salt."
001DQ00000N9TWWYA3,Loukoumades,14.87,Main,true,8.0,"Contains: Dairy, Soy. Ingredients: Soy Sauce, Bell Pepper, Parsley, Coriander, Potato, Lettuce, Cumin, Cheese."
001DQ00000N9TWWYA3,Greek Yogurt Bowl,9.35,Side,true,32.0,"No known allergens. Ingredients: Parsley, Carrot, Basil, Scallion, Lime, Onion, Chilli, Tomato."
001DQ00000N9TWWYA3,Horiatiki,18.13,Dessert,true,16.0,"Contains: Fish, Sesame, Shellfish. Ingredients: Carrot, Tomato, Chilli, Sesame Seeds, Anchovy, Shrimp, Paprika, Black Pepper."
001DQ00000N9TWWYA3,Ouzo Sorbet,22.82,Drink,true,19.0,"No known allergens. Ingredients: Coriander, Paprika, Carrot, Cumin, Black Pepper, Bell Pepper, Potato, Olive Oil."
001DQ00000N9TWTYA3,Pad Thai,8.32,Starter,true,31.0,"Contains: Eggs. Ingredients: Onion, Scallion, Chilli, Black Pepper, Basil, Ginger, Egg Noodles, Carrot."
001DQ00000N9TWTYA3,Green Curry,5.27,Main,true,16.0,"Contains: Fish, Sesame. Ingredients: Potato, Basil, Chickpeas, Parsley, Chilli, Eel, Coriander, Sesame Oil."
001DQ00000N9TWTYA3,Red Curry,22.8,Side,true,33.0,"No known allergens. Ingredients: Carrot, Lemon, Chilli, Lettuce, Olive Oil, Bell Pepper, Tomato, Onion."
001DQ00000N9TWTYA3,Tom Yum Soup,22.79,Dessert,true,16.0,"No known allergens. Ingredients: Ginger, Lime, Basil, Scallion, Rice, Paprika, Carrot, Mint."
001DQ00000N9TWTYA3,Massaman Curry,4.86,Drink,true,14.0,"Contains: Shellfish. Ingredients: Black Pepper, Mint, Squid, Paprika, Parsley, Bell Pepper, Potato, Spinach."
001DQ00000N9TWTYA3,Som Tum Salad,12.39,Starter,true,9.0,"Contains: Nuts, Sesame. Ingredients: Sesame Oil, Basil, Tomato, Ginger, Almonds, Cumin, Black Pepper, Garlic."
001DQ00000N9TWTYA3,Spring Rolls,9.75,Main,false,19.0,"Contains: Eggs, Gluten, Nuts. Ingredients: Cumin, Mayonnaise, Black Pepper, Chilli, Soy Sauce, Onion, Almonds, Tomato."
001DQ00000N9TWTYA3,Satay Skewers,6.27,Side,true,12.0,"Contains: Nuts. Ingredients: Peanut Sauce, Basil, Onion, Lime, Mint, Tomato, Olive Oil, Ginger."
001DQ00000N9TWTYA3,Pad See Ew,7.41,Dessert,true,28.0,"No known allergens. Ingredients: Spinach, Mint, Parsley, Basil, Scallion, Coriander, Lettuce, Lime."
001DQ00000N9TWTYA3,Khao Pad,5.32,Drink,true,11.0,"Contains: Sesame. Ingredients: Garlic, Parsley, Mint, Potato, Olive Oil, Onion, Tahini, Lime."
001DQ00000N9TWTYA3,Tom Kha Gai,19.04,Starter,true,33.0,"No known allergens. Ingredients: Lime, Black Pepper, Carrot, Olive Oil, Lemon, Rice, Potato, Tomato."
001DQ00000N9TWTYA3,Panang Curry,10.97,Main,true,30.0,"No known allergens. Ingredients: Chickpeas, Lemon, Coriander, Garlic, Onion, Bell Pepper, Mint, Potato."
001DQ00000N9TWTYA3,Larb Gai,13.59,Side,true,25.0,"No known allergens. Ingredients: Lettuce, Basil, Onion, Tomato, Scallion, Potato, Ginger, Carrot."
001DQ00000N9TWTYA3,Mango Sticky Rice,7.26,Dessert,true,19.0,"No known allergens. Ingredients: Salt, Olive Oil, Lemon, Bell Pepper, Parsley, Basil, Mint, Potato."
001DQ00000N9TWTYA3,Pad Krapow,12.41,Drink,true,21.0,"No known allergens. Ingredients: Lime, Black Pepper, Bell Pepper, Paprika, Scallion, Chilli, Lettuce, Onion."
001DQ00000N9TWTYA3,Thai Fish Cakes,12.16,Starter,true,26.0,"No known allergens. Ingredients: Paprika, Lemon, Spinach, Ginger, Bell Pepper, Coriander, Garlic, Lime."
001DQ00000N9TWTYA3,Drunken Noodles,19.81,Main,true,8.0,"Contains: Fish, Soy. Ingredients: Scallion, Carrot, Spinach, Soy Sauce, Coriander, Fish Sauce, Tomato, Garlic."
001DQ00000N9TWTYA3,Coconut Soup,12.59,Side,true,16.0,"Contains: Shellfish, Soy. Ingredients: Black Pepper, Bell Pepper, Cumin, Parsley, Paprika, Crab, Soy Sauce, Potato."
001DQ00000N9TWTYA3,Thai Iced Tea,13.33,Dessert,true,32.0,"Contains: Dairy. Ingredients: Parsley, Mint, Yogurt, Olive Oil, Chilli, Lime, Tomato, Cumin."
001DQ00000N9TWTYA3,Roti,11.97,Drink,true,14.0,"Contains: Eggs. Ingredients: Basil, Coriander, Salt, Paprika, Potato, Lemon, Egg, Chickpeas."
001DQ00000N9TWXYA3,Chicken Shawarma,12.92,Starter,true,34.0,"Contains: Gluten, Nuts. Ingredients: Naan Bread, Lime, Peanuts, Scallion, Potato, Chickpeas, Tomato, Onion."
001DQ00000N9TWXYA3,Falafel Wrap,8.86,Main,true,29.0,"No known allergens. Ingredients: Carrot, Garlic, Parsley, Onion, Scallion, Tomato, Lime, Mint."
001DQ00000N9TWXYA3,Hummus and Pita,14.8,Side,true,32.0,"No known allergens. Ingredients: Lemon, Black Pepper, Ginger, Chickpeas, Basil, Rice, Olive Oil, Tomato."
001DQ00000N9TWXYA3,Tabbouleh,17.07,Dessert,true,23.0,"Contains: Shellfish. Ingredients: Lime, Ginger, Spinach, Prawns, Mint, Onion, Garlic, Rice."
001DQ00000N9TWXYA3,Fattoush,17.51,Drink,true,15.0,"Contains: Eggs. Ingredients: Black Pepper, Rice, Egg Noodles, Salt, Onion, Paprika, Ginger, Spinach."
001DQ00000N9TWXYA3,Lamb Kofta,13.57,Starter,true,17.0,"No known allergens. Ingredients: Olive Oil, Spinach, Garlic, Lime, Potato, Lettuce, Cumin, Scallion."
001DQ00000N9TWXYA3,Baba Ganoush,12.6,Main,true,13.0,"Contains: Eggs. Ingredients: Paprika, Chilli, Bell Pepper, Rice, Cumin, Tomato, Egg Noodles, Basil."
001DQ00000N9TWXYA3,Mixed Mezze,7.8,Side,false,16.0,"No known allergens. Ingredients: Ginger, Parsley, Black Pepper, Scallion, Rice, Salt, Spinach, Bell Pepper."
001DQ00000N9TWXYA3,Manakish,8.26,Dessert,true,23.0,"No known allergens. Ingredients: Black Pepper, Paprika, Garlic, Carrot, Mint, Spinach, Lettuce, Olive Oil."
001DQ00000N9TWXYA3,Baklava,22.02,Drink,true,16.0,"No known allergens. Ingredients: Paprika, Ginger, Lemon, Chilli, Tomato, Garlic, Onion, Lettuce."
001DQ00000N9TWXYA3,Shish Taouk,23.1,Starter,true,16.0,"Contains: Gluten, Sesame, Shellfish. Ingredients: Wheat Flour, Olive Oil, Chilli, Sesame Seeds, Coriander, Crab, Lime, Lettuce."
001DQ00000N9TWXYA3,Kibbeh,12.14,Main,true,21.0,"No known allergens. Ingredients: Spinach, Paprika, Cumin, Bell Pepper, Garlic, Chilli, Parsley, Potato."
001DQ00000N9TWXYA3,Moutabal,14.22,Side,true,22.0,"No known allergens. Ingredients: Coriander, Lettuce, Spinach, Parsley, Bell Pepper, Ginger, Carrot, Olive Oil."
001DQ00000N9TWXYA3,Vine Leaves,8.38,Dessert,true,15.0,"No known allergens. Ingredients: Chickpeas, Rice, Tomato, Lemon, Olive Oil, Ginger, Black Pepper, Chilli."
001DQ00000N9TWXYA3,Lentil Soup,13.76,Drink,true,34.0,"Contains: Eggs. Ingredients: Egg, Rice, Chickpeas, Bell Pepper, Lettuce, Garlic, Olive Oil, Ginger."
001DQ00000N9TWXYA3,Halloumi Skewers,19.61,Starter,true,8.0,"No known allergens. Ingredients: Garlic, Salt, Rice, Mint, Chilli, Lime, Lettuce, Scallion."
001DQ00000N9TWXYA3,Muhammara,20.39,Main,true,21.0,"Contains: Dairy. Ingredients: Parsley, Scallion, Rice, Tomato, Potato, Garlic, Milk, Mint."
001DQ00000N9TWXYA3,Knafeh,17.23,Side,true,16.0,"Contains: Soy. Ingredients: Mint, Chickpeas, Salt, Ginger, Spinach, Garlic, Scallion, Edamame."
001DQ00000N9TWXYA3,Labneh Bowl,8.47,Dessert,false,13.0,"Contains: Gluten. Ingredients: Chickpeas, Cumin, Onion, Garlic, Naan Bread, Carrot, Coriander, Salt."
001DQ00000N9TWXYA3,Rose Lemonade,7.34,Drink,true,24.0,"No known allergens. Ingredients: Bell Pepper, Coriander, Ginger, Potato, Rice, Tomato, Black Pepper, Garlic."
001DQ00000N9TWGYA3,Margherita,16.99,Starter,true,27.0,"Contains: Shellfish. Ingredients: Rice, Black Pepper, Scallion, Garlic, Cumin, Squid, Chickpeas, Basil."
001DQ00000N9TWGYA3,Pepperoni,5.3,Main,true,32.0,"Contains: Eggs. Ingredients: Egg, Black Pepper, Parsley, Ginger, Lettuce, Spinach, Lime, Carrot."
001DQ00000N9TWGYA3,Quattro Formaggi,7.99,Side,false,23.0,"Contains: Sesame. Ingredients: Carrot, Black Pepper, Coriander, Tomato, Tahini, Cumin, Potato, Bell Pepper."
001DQ00000N9TWGYA3,Diavola,5.29,Dessert,true,31.0,"No known allergens. Ingredients: Tomato, Garlic, Coriander, Onion, Scallion, Black Pepper, Lime, Basil."
001DQ00000N9TWGYA3,Marinara,10.11,Drink,true,33.0,"No known allergens. Ingredients: Scallion, Chilli, Lemon, Tomato, Olive Oil, Salt, Cumin, Lettuce."
001DQ00000N9TWGYA3,Capricciosa,8.56,Starter,true,24.0,"No known allergens. Ingredients: Cumin, Chilli, Mint, Black Pepper, Salt, Rice, Garlic, Lemon."
001DQ00000N9TWGYA3,Hawaiian,23.34,Main,true,24.0,"Contains: Gluten. Ingredients: Parsley, Lemon, Salt, Black Pepper, Breadcrumbs, Paprika, Lime, Mint."
001DQ00000N9TWGYA3,Prosciutto e Funghi,16.5,Side,true,17.0,"Contains: Dairy, Soy. Ingredients: Coriander, Spinach, Garlic, Cheese, Edamame, Scallion, Olive Oil, Ginger."
001DQ00000N9TWGYA3,Vegetariana,16.44,Dessert,false,9.0,"No known allergens. Ingredients: Salt, Olive Oil, Basil, Bell Pepper, Parsley, Ginger, Spinach, Scallion."
001DQ00000N9TWGYA3,Calzone,7.59,Drink,false,33.0,"No known allergens. Ingredients: Black Pepper, Carrot, Tomato, Bell Pepper, Scallion, Lemon, Chickpeas, Coriander."
001DQ00000N9TWGYA3,Garlic Bread,16.24,Starter,true,23.0,"No known allergens. Ingredients: Olive Oil, Parsley, Scallion, Garlic, Black Pepper, Cumin, Onion, Lime."
001DQ00000N9TWGYA3,Bruschetta,8.39,Main,true,24.0,"Contains: Fish. Ingredients: Tomato, Cumin, Basil, Potato, Paprika, Garlic, Ginger, Fish Sauce."
001DQ00000N9TWGYA3,Caprese Salad,7.92,Side,true,16.0,"No known allergens. Ingredients: Spinach, Lemon, Parsley, Garlic, Bell Pepper, Mint, Chilli, Scallion."
001DQ00000N9TWGYA3,Tiramisu,7.81,Dessert,true,34.0,"Contains: Dairy, Eggs. Ingredients: Black Pepper, Scallion, Egg, Olive Oil, Paneer, Lettuce, Chilli, Parsley."
001DQ00000N9TWGYA3,Bufalina,15.62,Drink,true,14.0,"Contains: Gluten. Ingredients: Lettuce, Coriander, Garlic, Onion, Pasta, Scallion, Cumin, Bell Pepper."
001DQ00000N9TWGYA3,Quattro Stagioni,18.01,Starter,true,30.0,"No known allergens. Ingredients: Rice, Chickpeas, Salt, Garlic, Parsley, Lime, Black Pepper, Tomato."
001DQ00000N9TWGYA3,Napoli,23.01,Main,true,32.0,"Contains: Soy. Ingredients: Mint, Ginger, Bell Pepper, Chilli, Soybean Oil, Coriander, Scallion, Rice."
001DQ00000N9TWGYA3,Salami Piccante,5.44,Side,true,18.0,"Contains: Fish, Sesame. Ingredients: Lime, Spinach, Paprika, Basil, Sesame Oil, Onion, Scallion, Fish Sauce."
001DQ00000N9TWGYA3,Focaccia,15.7,Dessert,true,21.0,"No known allergens. Ingredients: Ginger, Rice, Bell Pepper, Potato, Chickpeas, Salt, Onion, Garlic."
001DQ00000N9TWGYA3,Panna Cotta,10.03,Drink,true,30.0,"No known allergens. Ingredients: Mint, Potato, Bell Pepper, Lime, Chilli, Tomato, Cumin, Parsley."
001DQ00000N9TWHYA3,Classic Cheeseburger,11.75,Starter,true,21.0,"Contains: Dairy, Eggs, Shellfish. Ingredients: Yogurt, Garlic, Parsley, Squid, Mint, Egg, Lettuce, Lime."
001DQ00000N9TWHYA3,Bacon Deluxe,7.81,Main,true,32.0,"No known allergens. Ingredients: Carrot, Olive Oil, Chilli, Coriander, Lemon, Basil, Rice, Scallion."
001DQ00000N9TWHYA3,Veggie Burger,23.51,Side,true,27.0,"Contains: Dairy. Ingredients: Yogurt, Lemon, Cumin, Bell Pepper, Rice, Lime, Chilli, Mint."
001DQ00000N9TWHYA3,Double Smash,8.33,Dessert,true,11.0,"No known allergens. Ingredients: Spinach, Basil, Olive Oil, Garlic, Carrot, Black Pepper, Onion, Scallion."
001DQ00000N9TWHYA3,BBQ Burger,4.61,Drink,true,35.0,"Contains: Fish. Ingredients: Chickpeas, Cumin, Paprika, Tuna, Olive Oil, Mint, Lime, Bell Pepper."
001DQ00000N9TWHYA3,Mushroom Swiss,19.76,Starter,true,28.0,"No known allergens. Ingredients: Potato, Carrot, Cumin, Lettuce, Onion, Spinach, Basil, Scallion."
001DQ00000N9TWHYA3,Spicy Jalapeno,9.4,Main,true,30.0,"Contains: Shellfish, Soy. Ingredients: Basil, Carrot, Tofu, Potato, Parsley, Chickpeas, Rice, Crab."
001DQ00000N9TWHYA3,Chicken Burger,8.6,Side,true,20.0,"Contains: Gluten. Ingredients: Garlic, Salt, Lettuce, Mint, Lemon, Black Pepper, Pita Bread, Scallion."
001DQ00000N9TWHYA3,Fish Burger,15.81,Dessert,true,17.0,"Contains: Fish, Shellfish. Ingredients: Squid, Coriander, Tomato, Potato, Rice, Anchovy, Scallion, Cumin."
001DQ00000N9TWHYA3,Sweet Potato Fries,19.32,Drink,true,32.0,"Contains: Eggs, Fish. Ingredients: Black Pepper, Eel, Spinach, Paprika, Lime, Lemon, Egg, Cumin."
001DQ00000N9TWHYA3,Onion Rings,10.75,Starter,true,27.0,"Contains: Eggs. Ingredients: Ginger, Black Pepper, Garlic, Chilli, Egg, Tomato, Coriander, Chickpeas."
001DQ00000N9TWHYA3,Loaded Fries,17.29,Main,true,11.0,"Contains: Shellfish. Ingredients: Parsley, Shrimp, Coriander, Cumin, Salt, Rice, Black Pepper, Carrot."
001DQ00000N9TWHYA3,Caesar Salad,14.85,Side,true,22.0,"Contains: Gluten. Ingredients: Lemon, Olive Oil, Chickpeas, Coriander, Bell Pepper, Potato, Spinach, Pasta."
001DQ00000N9TWHYA3,Milkshake,7.71,Dessert,true,31.0,"No known allergens. Ingredients: Ginger, Spinach, Potato, Chickpeas, Carrot, Chilli, Lime, Salt."
001DQ00000N9TWHYA3,Pulled Pork Burger,4.9,Drink,false,31.0,"Contains: Eggs, Fish, Nuts. Ingredients: Coriander, Rice, Anchovy, Garlic, Lime, Egg Noodles, Spinach, Peanut Sauce."
001DQ00000N9TWHYA3,Halloumi Burger,10.04,Starter,true,16.0,"Contains: Soy. Ingredients: Potato, Chilli, Lemon, Edamame, Black Pepper, Lettuce, Salt, Basil."
001DQ00000N9TWHYA3,Truffle Fries,10.68,Main,true,26.0,"Contains: Fish, Gluten, Nuts. Ingredients: Chickpeas, Garlic, Peanut Sauce, Parsley, Ginger, Black Pepper, Naan Bread, Fish Sauce."
001DQ00000N9TWHYA3,Coleslaw,19.89,Side,true,27.0,"Contains: Dairy. Ingredients: Rice, Mint, Bell Pepper, Carrot, Paprika, Cream, Cumin, Garlic."
001DQ00000N9TWHYA3,Brownie,11.69,Dessert,true,33.0,"No known allergens. Ingredients: Ginger, Cumin, Lemon, Lime, Onion, Garlic, Spinach, Chilli."
001DQ00000N9TWHYA3,Cola Float,20.58,Drink,true,21.0,"Contains: Fish. Ingredients: Onion, Tomato, Lettuce, Anchovy, Black Pepper, Paprika, Chickpeas, Coriander."
001DQ00000N9TWeYAN,Chicken Tacos,8.64,Starter,true,8.0,"Contains: Nuts. Ingredients: Rice, Onion, Coriander, Peanuts, Tomato, Potato, Lemon, Bell Pepper."
001DQ00000N9TWeYAN,Beef Burrito,18.73,Main,true,28.0,"Contains: Sesame. Ingredients: Scallion, Sesame Oil, Mint, Lettuce, Onion, Lemon, Garlic, Paprika."
001DQ00000N9TWeYAN,Quesadilla,10.67,Side,true,31.0,"Contains: Dairy. Ingredients: Mint, Butter, Bell Pepper, Spinach, Potato, Cumin, Salt, Black Pepper."
001DQ00000N9TWeYAN,Nachos Supreme,16.63,Dessert,true,33.0,"Contains: Eggs, Fish. Ingredients: Egg Noodles, Coriander, Ginger, Salmon, Olive Oil, Chickpeas, Lettuce, Spinach."
001DQ00000N9TWeYAN,Enchiladas,17.93,Drink,true,16.0,"Contains: Nuts. Ingredients: Salt, Chickpeas, Almonds, Parsley, Scallion, Potato, Lemon, Coriander."
001DQ00000N9TWeYAN,Carnitas Bowl,10.53,Starter,false,20.0,"Contains: Shellfish. Ingredients: Lettuce, Carrot, Onion, Black Pepper, Chickpeas, Crab, Tomato, Parsley."
001DQ00000N9TWeYAN,Guacamole and Chips,21.76,Main,true,23.0,"Contains: Shellfish. Ingredients: Scallion, Tomato, Shrimp, Ginger, Rice, Cumin, Chickpeas, Salt."
001DQ00000N9TWeYAN,Chilli Con Carne,11.79,Side,true,28.0,"Contains: Gluten. Ingredients: Lemon, Basil, Lettuce, Onion, Salt, Paprika, Soy Sauce, Chilli."
001DQ00000N9TWeYAN,Fajitas,9.6,Dessert,true,21.0,"No known allergens. Ingredients: Rice, Chickpeas, Chilli, Lemon, Garlic, Carrot, Coriander, Lettuce."
001DQ00000N9TWeYAN,Churros,21.48,Drink,true,35.0,"Contains: Fish, Gluten, Soy. Ingredients: Tofu, Anchovy, Chilli, Chickpeas, Tomato, Pita Bread, Lemon, Lime."
001DQ00000N9TWeYAN,Fish Tacos,21.07,Starter,true,15.0,"Contains: Gluten, Nuts, Shellfish. Ingredients: Onion, Parsley, Garlic, Peanuts, Breadcrumbs, Lemon, Crab, Basil."
001DQ00000N9TWeYAN,Veggie Burrito,17.7,Main,true,26.0,"Contains: Gluten. Ingredients: Bell Pepper, Naan Bread, Salt, Black Pepper, Potato, Lemon, Chilli, Lime."
001DQ00000N9TWeYAN,Elote,13.62,Side,true,33.0,"No known allergens. Ingredients: Coriander, Bell Pepper, Tomato, Lettuce, Salt, Black Pepper, Carrot, Olive Oil."
001DQ00000N9TWeYAN,Tamales,13.81,Dessert,true,12.0,"No known allergens. Ingredients: Cumin, Coriander, Scallion, Chickpeas, Garlic, Mint, Carrot, Parsley."
001DQ00000N9TWeYAN,Tostada,15.63,Drink,true,33.0,"No known allergens. Ingredients: Chilli, Basil, Scallion, Carrot, Bell Pepper, Coriander, Lime, Potato."
001DQ00000N9TWeYAN,Pozole,9.53,Starter,true,19.0,"Contains: Soy. Ingredients: Garlic, Cumin, Bell Pepper, Black Pepper, Soy Sauce, Spinach, Olive Oil, Ginger."
001DQ00000N9TWeYAN,Sopapilla,14.46,Main,true,33.0,"Contains: Gluten, Soy. Ingredients: Spinach, Edamame, Cumin, Lemon, Rice, Naan Bread, Chickpeas, Garlic."
001DQ00000N9TWeYAN,Horchata,8.34,Side,false,10.0,"Contains: Fish, Sesame. Ingredients: Scallion, Chickpeas, Rice, Coriander, Mint, Sesame Oil, Tuna, Lettuce."
001DQ00000N9TWeYAN,Refried Beans,14.61,Dessert,true,17.0,"Contains: Nuts, Sesame. Ingredients: Coriander, Paprika, Cumin, Olive Oil, Potato, Peanut Sauce, Sesame Seeds, Lemon."
001DQ00000N9TWeYAN,Salsa Verde,23.39,Drink,false,19.0,"Contains: Eggs, Fish. Ingredients: Bell Pepper, Chickpeas, Garlic, Carrot, Anchovy, Potato, Ginger, Egg Noodles."
001DQ00000N9TWhYAN,Chicken Shawarma,8.86,Starter,true,11.0,"No known allergens. Ingredients: Onion, Paprika, Rice, Lime, Parsley, Carrot, Lemon, Bell Pepper."
001DQ00000N9TWhYAN,Falafel Wrap,5.38,Main,true,23.0,"Contains: Soy. Ingredients: Tofu, Chickpeas, Scallion, Olive Oil, Coriander, Parsley, Bell Pepper, Black Pepper."
001DQ00000N9TWhYAN,Hummus and Pita,7.7,Side,true,28.0,"Contains: Fish. Ingredients: Black Pepper, Fish Sauce, Chilli, Paprika, Garlic, Basil, Lettuce, Salt."
001DQ00000N9TWhYAN,Tabbouleh,10.84,Dessert,true,29.0,"Contains: Fish, Sesame, Shellfish. Ingredients: Sesame Seeds, Spinach, Chilli, Eel, Prawns, Tomato, Cumin, Basil."
001DQ00000N9TWhYAN,Fattoush,23.41,Drink,true,22.0,"Contains: Nuts. Ingredients: Parsley, Lemon, Garlic, Paprika, Lime, Peanuts, Lettuce, Mint."
001DQ00000N9TWhYAN,Lamb Kofta,23.04,Starter,true,17.0,"No known allergens. Ingredients: Lemon, Carrot, Tomato, Bell Pepper, Basil, Cumin, Lettuce, Garlic."
001DQ00000N9TWhYAN,Baba Ganoush,15.76,Main,true,31.0,"No known allergens. Ingredients: Parsley, Rice, Ginger, Black Pepper, Carrot, Chickpeas, Lettuce, Olive Oil."
001DQ00000N9TWhYAN,Mixed Mezze,5.1,Side,true,14.0,"Contains: Fish. Ingredients: Cumin, Fish Sauce, Chilli, Black Pepper, Parsley, Onion, Salt, Olive Oil."
001DQ00000N9TWhYAN,Manakish,19.56,Dessert,true,10.0,"Contains: Eggs. Ingredients: Mayonnaise, Garlic, Black Pepper, Bell Pepper, Paprika, Salt, Carrot, Basil."
001DQ00000N9TWhYAN,Baklava,7.24,Drink,true,27.0,"Contains: Eggs, Gluten. Ingredients: Paprika, Potato, Spinach, Coriander, Mint, Lemon, Flour Tortilla, Egg Noodles."
001DQ00000N9TWhYAN,Shish Taouk,23.27,Starter,true,21.0,"Contains: Fish, Soy. Ingredients: Tofu, Anchovy, Carrot, Salt, Mint, Scallion, Lime, Ginger."
001DQ00000N9TWhYAN,Kibbeh,4.63,Main,true,23.0,"Contains: Soy. Ingredients: Spinach, Soy Sauce, Coriander, Olive Oil, Chickpeas, Ginger, Black Pepper, Parsley."
001DQ00000N9TWhYAN,Moutabal,23.46,Side,true,8.0,"No known allergens. Ingredients: Mint, Chickpeas, Parsley, Lemon, Potato, Spinach, Ginger, Lettuce."
001DQ00000N9TWhYAN,Vine Leaves,13.33,Dessert,false,10.0,"Contains: Gluten. Ingredients: Naan Bread, Salt, Basil, Mint, Parsley, Chickpeas, Coriander, Black Pepper."
001DQ00000N9TWhYAN,Lentil Soup,17.99,Drink,true,10.0,"No known allergens. Ingredients: Chilli, Mint, Tomato, Salt, Ginger, Basil, Bell Pepper, Cumin."
001DQ00000N9TWhYAN,Halloumi Skewers,20.42,Starter,true,14.0,"Contains: Nuts. Ingredients: Salt, Spinach, Lettuce, Onion, Chickpeas, Garlic, Bell Pepper, Pistachios."
001DQ00000N9TWhYAN,Muhammara,20.92,Main,true,29.0,"No known allergens. Ingredients: Basil, Parsley, Paprika, Potato, Cumin, Lemon, Coriander, Chickpeas."
001DQ00000N9TWhYAN,Knafeh,5.07,Side,false,24.0,"Contains: Sesame. Ingredients: Chickpeas, Coriander, Onion, Tahini, Spinach, Chilli, Garlic, Mint."
001DQ00000N9TWhYAN,Labneh Bowl,21.26,Dessert,true,10.0,"No known allergens. Ingredients: Onion, Black Pepper, Paprika, Olive Oil, Lettuce, Garlic, Carrot, Lime."
001DQ00000N9TWhYAN,Rose Lemonade,7.61,Drink,true,13.0,"No known allergens. Ingredients: Carrot, Spinach, Lettuce, Ginger, Lemon, Olive Oil, Potato, Tomato."
001DQ00000N9TWdYAN,Pad Thai,12.27,Starter,true,8.0,"Contains: Nuts, Shellfish. Ingredients: Ginger, Lime, Cashews, Black Pepper, Cumin, Salt, Shrimp, Onion."
001DQ00000N9TWdYAN,Green Curry,17.2,Main,true,21.0,"Contains: Eggs, Soy. Ingredients: Soybean Oil, Carrot, Ginger, Olive Oil, Spinach, Salt, Rice, Egg."
001DQ00000N9TWdYAN,Red Curry,18.26,Side,true,16.0,"Contains: Dairy. Ingredients: Cumin, Halloumi, Black Pepper, Olive Oil, Carrot, Salt, Mint, Rice."
001DQ00000N9TWdYAN,Tom Yum Soup,8.93,Dessert,true,12.0,"Contains: Sesame, Shellfish, Soy. Ingredients: Rice, Coriander, Black Pepper, Shrimp, Edamame, Lettuce, Basil, Tahini."
001DQ00000N9TWdYAN,Massaman Curry,5.06,Drink,true,12.0,"No known allergens. Ingredients: Bell Pepper, Cumin, Black Pepper, Chilli, Rice, Tomato, Olive Oil, Lime."
001DQ00000N9TWdYAN,Som Tum Salad,18.52,Starter,true,17.0,"No known allergens. Ingredients: Scallion, Black Pepper, Coriander, Salt, Carrot, Lemon, Lime, Ginger."
001DQ00000N9TWdYAN,Spring Rolls,9.34,Main,true,19.0,"Contains: Dairy, Gluten, Sesame. Ingredients: Paprika, Wheat Flour, Black Pepper, Garlic, Lettuce, Sesame Oil, Lime, Yogurt."
001DQ00000N9TWdYAN,Satay Skewers,15.27,Side,true,13.0,"Contains: Shellfish. Ingredients: Potato, Basil, Lemon, Chickpeas, Lime, Spinach, Salt, Lobster."
001DQ00000N9TWdYAN,Pad See Ew,23.5,Dessert,true,9.0,"Contains: Fish, Shellfish. Ingredients: Crab, Lemon, Black Pepper, Olive Oil, Lettuce, Lime, Spinach, Salmon."
001DQ00000N9TWdYAN,Khao Pad,14.42,Drink,true,14.0,"Contains: Dairy. Ingredients: Cumin, Paprika, Lettuce, Halloumi, Rice, Garlic, Lemon, Parsley."
001DQ00000N9TWdYAN,Tom Kha Gai,11.27,Starter,true,28.0,"No known allergens. Ingredients: Onion, Lime, Coriander, Olive Oil, Potato, Lettuce, Paprika, Basil."
001DQ00000N9TWdYAN,Panang Curry,15.96,Main,true,28.0,"Contains: Fish, Sesame. Ingredients: Coriander, Lettuce, Rice, Black Pepper, Tuna, Paprika, Carrot, Tahini."
001DQ00000N9TWdYAN,Larb Gai,5.35,Side,true,17.0,"No known allergens. Ingredients: Parsley, Paprika, Bell Pepper, Lime, Cumin, Ginger, Carrot, Chilli."
001DQ00000N9TWdYAN,Mango Sticky Rice,13.64,Dessert,true,23.0,"No known allergens. Ingredients: Potato, Paprika, Chilli, Lime, Chickpeas, Bell Pepper, Spinach, Lemon."
001DQ00000N9TWdYAN,Pad Krapow,17.07,Drink,true,31.0,"Contains: Soy. Ingredients: Coriander, Onion, Soy Sauce, Lime, Paprika, Ginger, Tomato, Black Pepper."
001DQ00000N9TWdYAN,Thai Fish Cakes,18.98,Starter,true,13.0,"Contains: Eggs. Ingredients: Olive Oil, Salt, Lime, Coriander, Parsley, Lemon, Scallion, Mayonnaise."
001DQ00000N9TWdYAN,Drunken Noodles,14.14,Main,true,13.0,"Contains: Eggs, Gluten, Sesame. Ingredients: Mint, Tomato, Soy Sauce, Egg, Black Pepper, Sesame Seeds, Carrot, Garlic."
001DQ00000N9TWdYAN,Coconut Soup,20.9,Side,true,33.0,"Contains: Dairy. Ingredients: Chilli, Paprika, Garlic, Basil, Tomato, Spinach, Milk, Scallion."
001DQ00000N9TWdYAN,Thai Iced Tea,4.58,Dessert,true,29.0,"No known allergens. Ingredients: Spinach, Potato, Carrot, Rice, Basil, Chilli, Parsley, Tomato."
001DQ00000N9TWdYAN,Roti,16.38,Drink,true,26.0,"Contains: Eggs. Ingredients: Mint, Basil, Ginger, Mayonnaise, Onion, Chilli, Paprika, Coriander."
001DQ00000N9TWUYA3,Chicken Tacos,15.32,Starter,true,19.0,"Contains: Sesame. Ingredients: Cumin, Lime, Rice, Lemon, Sesame Oil, Bell Pepper, Parsley, Olive Oil."
001DQ00000N9TWUYA3,Beef Burrito,18.33,Main,true,22.0,"No known allergens. Ingredients: Scallion, Lettuce, Bell Pepper, Chickpeas, Spinach, Basil, Tomato, Lime."
001DQ00000N9TWUYA3,Quesadilla,13.47,Side,true,25.0,"No known allergens. Ingredients: Chickpeas, Black Pepper, Salt, Coriander, Garlic, Potato, Rice, Tomato."
001DQ00000N9TWUYA3,Nachos Supreme,13.46,Dessert,true,12.0,"Contains: Gluten. Ingredients: Salt, Cumin, Bell Pepper, Rice, Chilli, Chickpeas, Mint, Pasta."
001DQ00000N9TWUYA3,Enchiladas,18.57,Drink,false,27.0,"Contains: Eggs. Ingredients: Chilli, Lettuce, Garlic, Lemon, Egg Noodles, Salt, Olive Oil, Bell Pepper."
001DQ00000N9TWUYA3,Carnitas Bowl,14.02,Starter,false,16.0,"No known allergens. Ingredients: Chickpeas, Coriander, Black Pepper, Ginger, Paprika, Lemon, Parsley, Scallion."
001DQ00000N9TWUYA3,Guacamole and Chips,21.52,Main,true,9.0,"No known allergens. Ingredients: Scallion, Paprika, Carrot, Lettuce, Potato, Black Pepper, Mint, Cumin."
001DQ00000N9TWUYA3,Chilli Con Carne,14.8,Side,true,12.0,"Contains: Nuts. Ingredients: Chilli, Black Pepper, Cumin, Carrot, Paprika, Cashews, Salt, Chickpeas."
001DQ00000N9TWUYA3,Fajitas,4.9,Dessert,true,27.0,"No known allergens. Ingredients: Lemon, Coriander, Tomato, Paprika, Mint, Basil, Scallion, Black Pepper."
001DQ00000N9TWUYA3,Churros,22.34,Drink,true,11.0,"Contains: Eggs, Fish. Ingredients: Fish Sauce, Tomato, Salt, Egg Noodles, Olive Oil, Bell Pepper, Coriander, Ginger."
001DQ00000N9TWUYA3,Fish Tacos,11.02,Starter,true,29.0,"No known allergens. Ingredients: Coriander, Salt, Basil, Mint, Parsley, Paprika, Potato, Olive Oil."
001DQ00000N9TWUYA3,Veggie Burrito,15.59,Main,true,13.0,"Contains: Dairy. Ingredients: Parsley, Ginger, Tomato, Scallion, Chilli, Milk, Chickpeas, Lemon."
001DQ00000N9TWUYA3,Elote,23.76,Side,true,32.0,"Contains: Gluten. Ingredients: Lemon, Parsley, Cumin, Flour Tortilla, Potato, Onion, Mint, Chilli."
001DQ00000N9TWUYA3,Tamales,12.29,Dessert,true,27.0,"No known allergens. Ingredients: Rice, Garlic, Coriander, Chickpeas, Bell Pepper, Olive Oil, Basil, Mint."
001DQ00000N9TWUYA3,Tostada,9.78,Drink,true,8.0,"Contains: Nuts. Ingredients: Potato, Chilli, Lime, Mint, Black Pepper, Onion, Cashews, Scallion."
001DQ00000N9TWUYA3,Pozole,19.63,Starter,true,20.0,"No known allergens. Ingredients: Chilli, Lime, Chickpeas, Garlic, Spinach, Carrot, Onion, Mint."
001DQ00000N9TWUYA3,Sopapilla,14.82,Main,true,19.0,"Contains: Dairy, Fish. Ingredients: Chilli, Butter, Chickpeas, Lettuce, Paprika, Fish Sauce, Olive Oil, Lemon."
001DQ00000N9TWUYA3,Horchata,11.55,Side,true,16.0,"No known allergens. Ingredients: Coriander, Potato, Bell Pepper, Olive Oil, Black Pepper, Salt, Onion, Parsley."
001DQ00000N9TWUYA3,Refried Beans,15.33,Dessert,true,27.0,"Contains: Dairy. Ingredients: Onion, Butter, Olive Oil, Basil, Cumin, Salt, Scallion, Carrot."
001DQ00000N9TWUYA3,Salsa Verde,10.81,Drink,true,11.0,"Contains: Nuts. Ingredients: Black Pepper, Lime, Salt, Peanuts, Mint, Garlic, Paprika, Olive Oil."
001DQ00000N9TWFYA3,Kung Pao Chicken,9.62,Starter,true,15.0,"Contains: Eggs. Ingredients: Ginger, Mayonnaise, Potato, Rice, Mint, Lemon, Chickpeas, Cumin."
001DQ00000N9TWFYA3,Sweet and Sour Pork,10.96,Main,true,15.0,"No known allergens. Ingredients: Lime, Rice, Garlic, Scallion, Lettuce, Carrot, Paprika, Chickpeas."
001DQ00000N9TWFYA3,Beef Chow Mein,17.86,Side,true,12.0,"Contains: Dairy, Gluten, Nuts. Ingredients: Black Pepper, Cumin, Cashews, Carrot, Paprika, Paneer, Bell Pepper, Pasta."
001DQ00000N9TWFYA3,Spring Rolls,8.43,Dessert,true,8.0,"No known allergens. Ingredients: Olive Oil, Lettuce, Spinach, Chickpeas, Garlic, Onion, Basil, Bell Pepper."
001DQ00000N9TWFYA3,Egg Fried Rice,4.55,Drink,true,25.0,"No known allergens. Ingredients: Tomato, Paprika, Bell Pepper, Basil, Scallion, Potato, Parsley, Salt."
001DQ00000N9TWFYA3,Dim Sum Platter,4.8,Starter,true,9.0,"No known allergens. Ingredients: Garlic, Spinach, Salt, Onion, Chilli, Parsley, Lemon, Scallion."
001DQ00000N9TWFYA3,Mapo Tofu,23.66,Main,true,30.0,"No known allergens. Ingredients: Black Pepper, Scallion, Parsley, Coriander, Spinach, Chilli, Paprika, Lettuce."
001DQ00000N9TWFYA3,Peking Duck,18.03,Side,true,15.0,"Contains: Gluten, Nuts. Ingredients: Pistachios, Flour Tortilla, Parsley, Lime, Garlic, Black Pepper, Scallion, Chilli."
001DQ00000N9TWFYA3,Wonton Soup,13.73,Dessert,true,23.0,"Contains: Fish. Ingredients: Basil, Salt, Black Pepper, Mint, Tomato, Lemon, Tuna, Lime."
001DQ00000N9TWFYA3,Char Siu Pork,9.61,Drink,true,35.0,"Contains: Sesame, Soy. Ingredients: Lime, Basil, Sesame Seeds, Salt, Soy Sauce, Mint, Rice, Tomato."
001DQ00000N9TWFYA3,Hot and Sour Soup,7.97,Starter,true,35.0,"Contains: Dairy, Nuts. Ingredients: Bell Pepper, Peanut Sauce, Black Pepper, Coriander, Scallion, Lemon, Spinach, Paneer."
001DQ00000N9TWFYA3,Sesame Chicken,9.86,Main,true,22.0,"Contains: Sesame. Ingredients: Tahini, Mint, Basil, Cumin, Potato, Onion, Coriander, Salt."
001DQ00000N9TWFYA3,Dumplings,20.13,Side,true,25.0,"No known allergens. Ingredients: Cumin, Lime, Chickpeas, Scallion, Parsley, Lemon, Garlic, Ginger."
001DQ00000N9TWFYA3,Chow Fun,21.25,Dessert,true,21.0,"Contains: Dairy, Sesame, Soy. Ingredients: Ginger, Tofu, Tahini, Halloumi, Salt, Garlic, Black Pepper, Lime."
001DQ00000N9TWFYA3,Salt and Pepper Squid,12.01,Drink,true,27.0,"No known allergens. Ingredients: Salt, Lime, Chickpeas, Chilli, Rice, Mint, Tomato, Parsley."
001DQ00000N9TWFYA3,Crispy Beef,6.6,Starter,true,22.0,"Contains: Fish, Shellfish. Ingredients: Black Pepper, Basil, Tomato, Carrot, Coriander, Shrimp, Potato, Anchovy."
001DQ00000N9TWFYA3,Vegetable Spring Roll,22.55,Main,true,18.0,"Contains: Nuts, Sesame. Ingredients: Potato, Bell Pepper, Tomato, Cashews, Sesame Seeds, Scallion, Onion, Chickpeas."
001DQ00000N9TWFYA3,Fortune Cookie,13.91,Side,false,30.0,"Contains: Dairy, Shellfish. Ingredients: Onion, Scallion, Shrimp, Basil, Cheese, Chilli, Cumin, Rice."
001DQ00000N9TWFYA3,Prawn Toast,17.45,Dessert,true,20.0,"Contains: Fish. Ingredients: Lemon, Olive Oil, Scallion, Spinach, Salmon, Parsley, Ginger, Black Pepper."
001DQ00000N9TWFYA3,Egg Drop Soup,22.68,Drink,true,30.0,"Contains: Eggs. Ingredients: Chilli, Onion, Paprika, Mayonnaise, Carrot, Garlic, Parsley, Rice."
001DQ00000N9TWfYAN,Spaghetti Carbonara,20.02,Starter,true,30.0,"No known allergens. Ingredients: Lettuce, Garlic, Scallion, Paprika, Chickpeas, Rice, Black Pepper, Carrot."
001DQ00000N9TWfYAN,Lasagne,20.38,Main,true,8.0,"Contains: Dairy, Gluten, Shellfish. Ingredients: Pasta, Coriander, Rice, Lime, Basil, Milk, Cumin, Shrimp."
001DQ00000N9TWfYAN,Penne Arrabbiata,8.86,Side,true,30.0,"Contains: Fish, Gluten, Nuts. Ingredients: Carrot, Ginger, Tuna, Wheat Flour, Olive Oil, Chickpeas, Chilli, Cashews."
001DQ00000N9TWfYAN,Risotto Funghi,12.13,Dessert,false,20.0,"No known allergens. Ingredients: Rice, Olive Oil, Tomato, Ginger, Carrot, Coriander, Parsley, Mint."
001DQ00000N9TWfYAN,Fettuccine Alfredo,6.88,Drink,true,28.0,"Contains: Dairy, Gluten, Shellfish. Ingredients: Rice, Potato, Breadcrumbs, Squid, Tomato, Lemon, Ginger, Cheese."
001DQ00000N9TWfYAN,Ravioli,5.13,Starter,true,8.0,"No known allergens. Ingredients: Cumin, Garlic, Coriander, Salt, Chilli, Ginger, Paprika, Carrot."
001DQ00000N9TWfYAN,Gnocchi,20.28,Main,true,22.0,"No known allergens. Ingredients: Bell Pepper, Carrot, Cumin, Lettuce, Scallion, Garlic, Black Pepper, Parsley."
001DQ00000N9TWfYAN,Minestrone,12.6,Side,true,10.0,"Contains: Dairy. Ingredients: Tomato, Potato, Chilli, Cumin, Onion, Paneer, Ginger, Paprika."
001DQ00000N9TWfYAN,Bruschetta,14.17,Dessert,true,11.0,"No known allergens. Ingredients: Basil, Lemon, Olive Oil, Cumin, Garlic, Salt, Chickpeas, Parsley."
001DQ00000N9TWfYAN,Tiramisu,18.67,Drink,true,15.0,"Contains: Nuts, Sesame. Ingredients: Olive Oil, Rice, Sesame Oil, Chickpeas, Peanuts, Cumin, Tomato, Lime."
001DQ00000N9TWfYAN,Osso Buco,10.19,Starter,true,10.0,"Contains: Shellfish. Ingredients: Tomato, Lettuce, Basil, Scallion, Garlic, Chilli, Shrimp, Olive Oil."
001DQ00000N9TWfYAN,Linguine Vongole,6.14,Main,true,26.0,"Contains: Dairy, Nuts, Shellfish. Ingredients: Olive Oil, Scallion, Peanut Sauce, Coriander, Basil, Paprika, Cheese, Prawns."
001DQ00000N9TWfYAN,Caprese Salad,17.88,Side,true,10.0,"Contains: Nuts, Sesame, Shellfish. Ingredients: Almonds, Mint, Garlic, Prawns, Tahini, Lettuce, Rice, Tomato."
001DQ00000N9TWfYAN,Panna Cotta,20.17,Dessert,true,32.0,"Contains: Dairy, Sesame. Ingredients: Sesame Seeds, Milk, Carrot, Scallion, Paprika, Chickpeas, Spinach, Cumin."
001DQ00000N9TWfYAN,Spaghetti Bolognese,5.83,Drink,true,33.0,"No known allergens. Ingredients: Potato, Carrot, Scallion, Rice, Lime, Parsley, Chickpeas, Olive Oil."
001DQ00000N9TWfYAN,Margherita Flatbread,22.99,Starter,true,29.0,"Contains: Eggs, Sesame. Ingredients: Egg Noodles, Lime, Ginger, Scallion, Potato, Onion, Lettuce, Sesame Oil."
001DQ00000N9TWfYAN,Arancini,13.42,Main,true,14.0,"No known allergens. Ingredients: Ginger, Lemon, Black Pepper, Carrot, Tomato, Garlic, Chilli, Lettuce."
001DQ00000N9TWfYAN,Cannoli,17.82,Side,false,34.0,"Contains: Dairy, Fish. Ingredients: Scallion, Lettuce, Eel, Butter, Black Pepper, Salt, Cumin, Olive Oil."
001DQ00000N9TWfYAN,Garlic Focaccia,14.78,Dessert,false,13.0,"No known allergens. Ingredients: Salt, Basil, Bell Pepper, Olive Oil, Lemon, Chickpeas, Carrot, Parsley."
001DQ00000N9TWfYAN,Affogato,13.16,Drink,true,19.0,"No known allergens. Ingredients: Black Pepper, Mint, Paprika, Basil, Potato, Lime, Parsley, Garlic."
001DQ00000N9TWgYAN,Gyros Plate,13.23,Starter,true,12.0,"Contains: Nuts, Sesame. Ingredients: Scallion, Chickpeas, Rice, Coriander, Lemon, Peanut Sauce, Onion, Sesame Oil."
001DQ00000N9TWgYAN,Souvlaki Skewers,10.18,Main,true,21.0,"Contains: Fish. Ingredients: Salt, Paprika, Chilli, Salmon, Black Pepper, Potato, Lemon, Mint."
001DQ00000N9TWgYAN,Greek Salad,21.93,Side,true,33.0,"Contains: Dairy, Sesame. Ingredients: Butter, Chickpeas, Scallion, Tahini, Garlic, Black Pepper, Salt, Ginger."
001DQ00000N9TWgYAN,Moussaka,22.6,Dessert,true,29.0,"No known allergens. Ingredients: Lemon, Carrot, Potato, Black Pepper, Scallion, Chilli, Bell Pepper, Rice."
001DQ00000N9TWgYAN,Spanakopita,19.26,Drink,true,25.0,"Contains: Fish, Sesame. Ingredients: Bell Pepper, Ginger, Sesame Oil, Black Pepper, Basil, Salmon, Salt, Scallion."
001DQ00000N9TWgYAN,Tzatziki and Pita,9.68,Starter,true,10.0,"Contains: Fish, Gluten. Ingredients: Pasta, Ginger, Anchovy, Scallion, Lime, Cumin, Bell Pepper, Mint."
001DQ00000N9TWgYAN,Dolmades,20.21,Main,true,13.0,"Contains: Dairy, Soy. Ingredients: Coriander, Mint, Tomato, Rice, Edamame, Chilli, Spinach, Feta."
001DQ00000N9TWgYAN,Halloumi Fries,15.69,Side,true,35.0,"Contains: Dairy. Ingredients: Bell Pepper, Butter, Basil, Garlic, Scallion, Olive Oil, Paprika, Ginger."
001DQ00000N9TWgYAN,Lamb Kleftiko,19.54,Dessert,true,24.0,"No known allergens. Ingredients: Ginger, Bell Pepper, Olive Oil, Tomato, Lettuce, Salt, Chickpeas, Rice."
001DQ00000N9TWgYAN,Baklava,4.57,Drink,true,12.0,"Contains: Nuts. Ingredients: Lime, Peanut Sauce, Mint, Garlic, Parsley, Carrot, Lettuce, Chickpeas."
001DQ00000N9TWgYAN,Pastitsio,8.75,Starter,true,14.0,"No known allergens. Ingredients: Parsley, Olive Oil, Cumin, Paprika, Lemon, Chickpeas, Onion, Basil."
001DQ00000N9TWgYAN,Keftedes,12.3,Main,true,26.0,"Contains: Nuts. Ingredients: Chilli, Parsley, Almonds, Coriander, Lemon, Tomato, Paprika, Potato."
001DQ00000N9TWgYAN,Fava Dip,16.51,Side,true,13.0,"No known allergens. Ingredients: Tomato, Lemon, Chickpeas, Rice, Basil, Scallion, Carrot, Onion."
001DQ00000N9TWgYAN,Octopus Salad,5.72,Dessert,true,8.0,"Contains: Sesame, Soy. Ingredients: Chickpeas, Salt, Mint, Cumin, Ginger, Chilli, Edamame, Tahini."
001DQ00000N9TWgYAN,Feta Saganaki,20.19,Drink,true,11.0,"No known allergens. Ingredients: Chilli, Salt, Paprika, Mint, Tomato, Coriander, Chickpeas, Potato."
001DQ00000N9TWgYAN,Chicken Souvlaki Wrap,8.58,Starter,true,8.0,"Contains: Dairy, Eggs, Shellfish. Ingredients: Mayonnaise, Feta, Lobster, Bell Pepper, Onion, Spinach, Coriander, Cumin."
001DQ00000N9TWgYAN,Loukoumades,20.36,Main,true,10.0,"Contains: Nuts. Ingredients: Chilli, Parsley, Tomato, Cashews, Chickpeas, Mint, Lime, Carrot."
001DQ00000N9TWgYAN,Greek Yogurt Bowl,22.16,Side,true,11.0,"No known allergens. Ingredients: Chickpeas, Tomato, Carrot, Lettuce, Rice, Paprika, Mint, Coriander."
001DQ00000N9TWgYAN,Horiatiki,18.48,Dessert,true,23.0,"Contains: Gluten. Ingredients: Lime, Black Pepper, Olive Oil, Lettuce, Naan Bread, Onion, Mint, Tomato."
001DQ00000N9TWgYAN,Ouzo Sorbet,20.15,Drink,false,9.0,"Contains: Shellfish. Ingredients: Parsley, Mint, Lemon, Spinach, Garlic, Chickpeas, Prawns, Coriander."
001DQ00000N9TWbYAN,Classic Cheeseburger,20.24,Starter,true,24.0,"No known allergens. Ingredients: Mint, Tomato, Scallion, Onion, Paprika, Basil, Parsley, Black Pepper."
001DQ00000N9TWbYAN,Bacon Deluxe,17.58,Main,true,14.0,"No known allergens. Ingredients: Bell Pepper, Rice, Paprika, Carrot, Mint, Basil, Tomato, Spinach."
001DQ00000N9TWbYAN,Veggie Burger,11.67,Side,true,32.0,"No known allergens. Ingredients: Tomato, Chilli, Chickpeas, Lettuce, Rice, Onion, Parsley, Potato."
001DQ00000N9TWbYAN,Double Smash,13.38,Dessert,true,27.0,"Contains: Shellfish. Ingredients: Prawns, Lime, Cumin, Spinach, Onion, Garlic, Scallion, Coriander."
001DQ00000N9TWbYAN,BBQ Burger,5.05,Drink,true,13.0,"Contains: Sesame. Ingredients: Parsley, Olive Oil, Tahini, Mint, Lemon, Onion, Chilli, Spinach."
001DQ00000N9TWbYAN,Mushroom Swiss,21.85,Starter,true,25.0,"No known allergens. Ingredients: Salt, Mint, Spinach, Garlic, Lime, Tomato, Chilli, Bell Pepper."
001DQ00000N9TWbYAN,Spicy Jalapeno,22.79,Main,true,24.0,"Contains: Gluten. Ingredients: Pita Bread, Lemon, Bell Pepper, Rice, Spinach, Ginger, Onion, Scallion."
001DQ00000N9TWbYAN,Chicken Burger,19.19,Side,true,16.0,"Contains: Eggs, Gluten, Sesame. Ingredients: Tomato, Scallion, Coriander, Pita Bread, Tahini, Mint, Chickpeas, Mayonnaise."
001DQ00000N9TWbYAN,Fish Burger,14.95,Dessert,false,10.0,"No known allergens. Ingredients: Cumin, Bell Pepper, Scallion, Potato, Carrot, Basil, Mint, Lemon."
001DQ00000N9TWbYAN,Sweet Potato Fries,21.3,Drink,true,18.0,"Contains: Nuts, Shellfish. Ingredients: Chilli, Paprika, Onion, Rice, Prawns, Lemon, Cashews, Salt."
001DQ00000N9TWbYAN,Onion Rings,8.02,Starter,true,11.0,"Contains: Nuts, Shellfish. Ingredients: Garlic, Ginger, Scallion, Olive Oil, Tomato, Prawns, Chickpeas, Almonds."
001DQ00000N9TWbYAN,Loaded Fries,7.2,Main,true,16.0,"Contains: Dairy. Ingredients: Cream, Onion, Black Pepper, Olive Oil, Cumin, Rice, Scallion, Ginger."
001DQ00000N9TWbYAN,Caesar Salad,9.63,Side,false,11.0,"Contains: Eggs. Ingredients: Onion, Bell Pepper, Ginger, Egg, Potato, Paprika, Carrot, Chickpeas."
001DQ00000N9TWbYAN,Milkshake,13.96,Dessert,true,15.0,"Contains: Nuts. Ingredients: Tomato, Potato, Lemon, Rice, Olive Oil, Peanuts, Salt, Carrot."
001DQ00000N9TWbYAN,Pulled Pork Burger,15.48,Drink,true,35.0,"Contains: Nuts. Ingredients: Cumin, Scallion, Basil, Garlic, Chilli, Mint, Peanut Sauce, Olive Oil."
001DQ00000N9TWbYAN,Halloumi Burger,19.81,Starter,true,33.0,"Contains: Eggs. Ingredients: Tomato, Paprika, Bell Pepper, Egg, Salt, Rice, Lemon, Potato."
001DQ00000N9TWbYAN,Truffle Fries,17.05,Main,true,9.0,"Contains: Shellfish. Ingredients: Coriander, Scallion, Mint, Paprika, Lettuce, Squid, Black Pepper, Salt."
001DQ00000N9TWbYAN,Coleslaw,4.81,Side,true,31.0,"No known allergens. Ingredients: Ginger, Scallion, Coriander, Garlic, Paprika, Chilli, Rice, Carrot."
001DQ00000N9TWbYAN,Brownie,22.99,Dessert,true,23.0,"Contains: Sesame. Ingredients: Paprika, Scallion, Potato, Tahini, Mint, Rice, Lettuce, Ginger."
001DQ00000N9TWbYAN,Cola Float,11.19,Drink,true,8.0,"Contains: Dairy. Ingredients: Lettuce, Paprika, Lemon, Yogurt, Potato, Coriander, Onion, Carrot."
001DQ00000N9TWaYAN,Margherita,7.41,Starter,true,24.0,"No known allergens. Ingredients: Chilli, Olive Oil, Carrot, Paprika, Garlic, Spinach, Cumin, Tomato."
001DQ00000N9TWaYAN,Pepperoni,23.37,Main,true,11.0,"No known allergens. Ingredients: Coriander, Cumin, Spinach, Bell Pepper, Ginger, Tomato, Paprika, Onion."
001DQ00000N9TWaYAN,Quattro Formaggi,14.24,Side,true,29.0,"Contains: Sesame, Shellfish. Ingredients: Tahini, Chickpeas, Cumin, Prawns, Olive Oil, Black Pepper, Lemon, Scallion."
001DQ00000N9TWaYAN,Diavola,16.67,Dessert,true,29.0,"No known allergens. Ingredients: Potato, Olive Oil, Lime, Chilli, Cumin, Carrot, Onion, Mint."
001DQ00000N9TWaYAN,Marinara,22.05,Drink,true,31.0,"Contains: Eggs, Fish. Ingredients: Rice, Bell Pepper, Coriander, Lemon, Olive Oil, Mayonnaise, Mint, Anchovy."
001DQ00000N9TWaYAN,Capricciosa,13.66,Starter,true,18.0,"Contains: Eggs. Ingredients: Chilli, Potato, Cumin, Lime, Mint, Mayonnaise, Spinach, Onion."
001DQ00000N9TWaYAN,Hawaiian,18.25,Main,true,14.0,"Contains: Soy. Ingredients: Cumin, Chickpeas, Rice, Tomato, Lettuce, Garlic, Carrot, Edamame."
001DQ00000N9TWaYAN,Prosciutto e Funghi,20.07,Side,true,10.0,"Contains: Nuts. Ingredients: Cumin, Lettuce, Scallion, Lemon, Onion, Bell Pepper, Cashews, Olive Oil."
001DQ00000N9TWaYAN,Vegetariana,14.69,Dessert,true,21.0,"Contains: Dairy, Soy. Ingredients: Tofu, Mint, Cumin, Garlic, Lemon, Tomato, Cream, Scallion."
001DQ00000N9TWaYAN,Calzone,7.25,Drink,true,25.0,"Contains: Dairy, Fish. Ingredients: Ginger, Lime, Olive Oil, Anchovy, Onion, Scallion, Feta, Tomato."
001DQ00000N9TWaYAN,Garlic Bread,20.18,Starter,true,15.0,"Contains: Sesame. Ingredients: Tahini, Mint, Chickpeas, Onion, Rice, Coriander, Spinach, Bell Pepper."
001DQ00000N9TWaYAN,Bruschetta,18.63,Main,false,31.0,"No known allergens. Ingredients: Mint, Cumin, Basil, Chickpeas, Ginger, Rice, Paprika, Carrot."
001DQ00000N9TWaYAN,Caprese Salad,13.53,Side,true,30.0,"Contains: Shellfish, Soy. Ingredients: Ginger, Lettuce, Chilli, Lobster, Tomato, Scallion, Edamame, Garlic."
001DQ00000N9TWaYAN,Tiramisu,22.67,Dessert,true,22.0,"No known allergens. Ingredients: Salt, Basil, Ginger, Paprika, Mint, Potato, Chilli, Bell Pepper."
001DQ00000N9TWaYAN,Bufalina,5.8,Drink,true,24.0,"No known allergens. Ingredients: Garlic, Carrot, Parsley, Spinach, Chilli, Salt, Scallion, Potato."
001DQ00000N9TWaYAN,Quattro Stagioni,21.23,Starter,true,25.0,"No known allergens. Ingredients: Lettuce, Chilli, Tomato, Ginger, Carrot, Garlic, Spinach, Paprika."
001DQ00000N9TWaYAN,Napoli,22.24,Main,true,24.0,"No known allergens. Ingredients: Chilli, Spinach, Tomato, Lettuce, Olive Oil, Paprika, Parsley, Cumin."
001DQ00000N9TWaYAN,Salami Piccante,13.43,Side,true,10.0,"No known allergens. Ingredients: Potato, Cumin, Scallion, Lime, Carrot, Black Pepper, Ginger, Olive Oil."
001DQ00000N9TWaYAN,Focaccia,20.14,Dessert,false,24.0,"Contains: Dairy. Ingredients: Chilli, Garlic, Onion, Spinach, Paneer, Cumin, Rice, Scallion."
001DQ00000N9TWaYAN,Panna Cotta,22.04,Drink,true,18.0,"No known allergens. Ingredients: Lettuce, Parsley, Salt, Ginger, Black Pepper, Lemon, Chilli, Paprika."
001DQ00000N9TWSYA3,Salmon Nigiri,20.43,Starter,true,9.0,"Contains: Dairy, Fish, Gluten. Ingredients: Black Pepper, Mint, Spinach, Milk, Ginger, Chilli, Eel, Pasta."
001DQ00000N9TWSYA3,Tuna Sashimi,21.03,Main,true,12.0,"Contains: Fish, Nuts. Ingredients: Anchovy, Salt, Carrot, Chilli, Rice, Scallion, Pistachios, Potato."
001DQ00000N9TWSYA3,California Roll,8.93,Side,false,10.0,"Contains: Nuts. Ingredients: Carrot, Cashews, Black Pepper, Ginger, Potato, Paprika, Mint, Lime."
001DQ00000N9TWSYA3,Spicy Tuna Roll,16.2,Dessert,true,24.0,"No known allergens. Ingredients: Salt, Parsley, Onion, Olive Oil, Carrot, Rice, Lettuce, Spinach."
001DQ00000N9TWSYA3,Dragon Roll,4.96,Drink,true,10.0,"No known allergens. Ingredients: Salt, Paprika, Olive Oil, Garlic, Ginger, Bell Pepper, Basil, Lettuce."
001DQ00000N9TWSYA3,Tempura Prawn Roll,10.38,Starter,true,31.0,"Contains: Fish, Sesame, Soy. Ingredients: Mint, Cumin, Black Pepper, Sesame Seeds, Fish Sauce, Parsley, Onion, Soy Sauce."
001DQ00000N9TWSYA3,Miso Soup,14.35,Main,true,35.0,"Contains: Shellfish, Soy. Ingredients: Rice, Onion, Squid, Paprika, Parsley, Coriander, Soy Sauce, Carrot."
001DQ00000N9TWSYA3,Edamame,8.72,Side,true,9.0,"No known allergens. Ingredients: Olive Oil, Onion, Basil, Lemon, Mint, Parsley, Chilli, Cumin."
001DQ00000N9TWSYA3,Eel Avocado Roll,19.11,Dessert,true,30.0,"No known allergens. Ingredients: Onion, Spinach, Carrot, Parsley, Potato, Garlic, Basil, Tomato."
001DQ00000N9TWSYA3,Rainbow Roll,23.95,Drink,true,32.0,"Contains: Gluten, Shellfish. Ingredients: Ginger, Paprika, Lettuce, Shrimp, Salt, Flour Tortilla, Scallion, Spinach."
001DQ00000N9TWSYA3,Gyoza,16.0,Starter,true,17.0,"No known allergens. Ingredients: Lettuce, Potato, Chickpeas, Carrot, Lemon, Mint, Basil, Scallion."
001DQ00000N9TWSYA3,Seaweed Salad,9.04,Main,true,20.0,"Contains: Dairy, Fish, Nuts. Ingredients: Coriander, Almonds, Black Pepper, Paneer, Lime, Mint, Carrot, Anchovy."
001DQ00000N9TWSYA3,Chicken Teriyaki,23.07,Side,true,13.0,"Contains: Nuts. Ingredients: Olive Oil, Cashews, Salt, Paprika, Black Pepper, Mint, Chickpeas, Chilli."
001DQ00000N9TWSYA3,Unagi Don,10.07,Dessert,true,33.0,"Contains: Eggs, Fish, Shellfish. Ingredients: Parsley, Anchovy, Basil, Salt, Onion, Crab, Mayonnaise, Chilli."
001DQ00000N9TWSYA3,Salmon Avocado Roll,4.83,Drink,true,10.0,"Contains: Nuts. Ingredients: Ginger, Black Pepper, Tomato, Cumin, Onion, Almonds, Chilli, Potato."
001DQ00000N9TWSYA3,Vegetable Maki,8.78,Starter,true,11.0,"Contains: Gluten, Sesame. Ingredients: Tomato, Rice, Potato, Spinach, Tahini, Pasta, Coriander, Garlic."
001DQ00000N9TWSYA3,Chirashi Bowl,6.14,Main,true,9.0,"No known allergens. Ingredients: Carrot, Lime, Cumin, Paprika, Lettuce, Bell Pepper, Scallion, Mint."
001DQ00000N9TWSYA3,Mochi Ice Cream,23.59,Side,true,20.0,"Contains: Sesame. Ingredients: Potato, Cumin, Onion, Paprika, Sesame Seeds, Lettuce, Coriander, Mint."
001DQ00000N9TWSYA3,Yakitori,19.77,Dessert,true,26.0,"No known allergens. Ingredients: Lettuce, Coriander, Mint, Onion, Black Pepper, Chilli, Basil, Carrot."
001DQ00000N9TWSYA3,Green Tea,17.92,Drink,true,28.0,"No known allergens. Ingredients: Lime, Onion, Black Pepper, Basil, Lettuce, Spinach, Salt, Rice."
001DQ00000N9TWYYA3,Chicken Tikka Masala,8.22,Starter,true,14.0,"Contains: Nuts, Soy. Ingredients: Chilli, Edamame, Lemon, Lettuce, Parsley, Almonds, Mint, Cumin."
001DQ00000N9TWYYA3,Lamb Rogan Josh,19.34,Main,true,17.0,"Contains: Fish. Ingredients: Mint, Tomato, Bell Pepper, Salmon, Chickpeas, Black Pepper, Coriander, Lemon."
001DQ00000N9TWYYA3,Palak Paneer,17.15,Side,true,23.0,"Contains: Gluten, Soy. Ingredients: Tofu, Pita Bread, Rice, Scallion, Lemon, Salt, Lettuce, Basil."
001DQ00000N9TWYYA3,Butter Chicken,12.32,Dessert,true,23.0,"Contains: Eggs, Gluten, Nuts. Ingredients: Parsley, Scallion, Coriander, Almonds, Pasta, Egg, Mint, Salt."
001DQ00000N9TWYYA3,Vegetable Biryani,5.0,Drink,true,33.0,"Contains: Gluten, Nuts. Ingredients: Lime, Chilli, Tomato, Cumin, Pasta, Peanut Sauce, Ginger, Potato."
001DQ00000N9TWYYA3,Chicken Korma,7.69,Starter,true,23.0,"Contains: Dairy, Shellfish. Ingredients: Olive Oil, Ginger, Tomato, Lettuce, Cumin, Crab, Cheese, Black Pepper."
001DQ00000N9TWYYA3,Dal Makhani,19.02,Main,true,22.0,"Contains: Shellfish. Ingredients: Crab, Black Pepper, Chilli, Bell Pepper, Parsley, Paprika, Cumin, Basil."
001DQ00000N9TWYYA3,Aloo Gobi,6.43,Side,true,26.0,"No known allergens. Ingredients: Salt, Chilli, Potato, Bell Pepper, Ginger, Lime, Black Pepper, Coriander."
001DQ00000N9TWYYA3,Tandoori Chicken,10.7,Dessert,true,17.0,"Contains: Eggs. Ingredients: Salt, Egg Noodles, Cumin, Lime, Parsley, Potato, Paprika, Rice."
001DQ00000N9TWYYA3,Chicken Vindaloo,18.33,Drink,true,21.0,"No known allergens. Ingredients: Rice, Basil, Bell Pepper, Olive Oil, Chickpeas, Tomato, Parsley, Mint."
001DQ00000N9TWYYA3,Samosa Chaat,23.51,Starter,true,16.0,"No known allergens. Ingredients: Basil, Onion, Cumin, Parsley, Salt, Lime, Spinach, Chickpeas."
001DQ00000N9TWYYA3,Garlic Naan,22.68,Main,true,31.0,"Contains: Eggs. Ingredients: Lettuce, Egg Noodles, Spinach, Scallion, Onion, Black Pepper, Bell Pepper, Tomato."
001DQ00000N9TWYYA3,Onion Bhaji,23.09,Side,true,21.0,"Contains: Fish. Ingredients: Parsley, Lemon, Tuna, Coriander, Lime, Lettuce, Salt, Scallion."
001DQ00000N9TWYYA3,Saag Aloo,7.62,Dessert,true,26.0,"No known allergens. Ingredients: Onion, Parsley, Garlic, Lime, Olive Oil, Potato, Spinach, Carrot."
001DQ00000N9TWYYA3,Prawn Masala,20.78,Drink,true,21.0,"No known allergens. Ingredients: Carrot, Scallion, Lime, Basil, Mint, Garlic, Olive Oil, Paprika."
001DQ00000N9TWYYA3,Chana Masala,11.11,Starter,false,32.0,"No known allergens. Ingredients: Spinach, Basil, Olive Oil, Chilli, Coriander, Cumin, Ginger, Carrot."
001DQ00000N9TWYYA3,Paneer Tikka,14.21,Main,true,31.0,"Contains: Dairy. Ingredients: Paprika, Cheese, Basil, Bell Pepper, Ginger, Lime, Chilli, Garlic."
001DQ00000N9TWYYA3,Mango Lassi,12.95,Side,true,10.0,"No known allergens. Ingredients: Carrot, Tomato, Black Pepper, Rice, Onion, Spinach, Olive Oil, Bell Pepper."
001DQ00000N9TWYYA3,Gulab Jamun,8.84,Dessert,true,30.0,"Contains: Gluten, Sesame. Ingredients: Rice, Lemon, Bell Pepper, Parsley, Wheat Flour, Sesame Seeds, Garlic, Black Pepper."
001DQ00000N9TWYYA3,Raita,10.19,Drink,true,34.0,"Contains: Dairy, Gluten. Ingredients: Spinach, Coriander, Naan Bread, Paprika, Chickpeas, Onion, Cumin, Cream."
001DQ00000N9TWEYA3,Chicken Tikka Masala,5.55,Starter,true,31.0,"No known allergens. Ingredients: Scallion, Parsley, Lemon, Spinach, Carrot, Lime, Cumin, Salt."
001DQ00000N9TWEYA3,Lamb Rogan Josh,17.35,Main,true,11.0,"No known allergens. Ingredients: Black Pepper, Salt, Olive Oil, Coriander, Onion, Paprika, Garlic, Tomato."
001DQ00000N9TWEYA3,Palak Paneer,23.4,Side,true,34.0,"Contains: Shellfish. Ingredients: Chickpeas, Crab, Coriander, Basil, Salt, Rice, Chilli, Potato."
001DQ00000N9TWEYA3,Butter Chicken,12.67,Dessert,true,13.0,"No known allergens. Ingredients: Ginger, Lemon, Bell Pepper, Potato, Basil, Carrot, Salt, Mint."
001DQ00000N9TWEYA3,Vegetable Biryani,10.21,Drink,true,9.0,"Contains: Dairy, Sesame. Ingredients: Tahini, Ginger, Carrot, Salt, Paprika, Scallion, Lime, Yogurt."
001DQ00000N9TWEYA3,Chicken Korma,16.89,Starter,true,16.0,"Contains: Eggs. Ingredients: Ginger, Lettuce, Olive Oil, Spinach, Mayonnaise, Scallion, Garlic, Basil."
001DQ00000N9TWEYA3,Dal Makhani,11.7,Main,true,23.0,"No known allergens. Ingredients: Carrot, Coriander, Ginger, Lime, Scallion, Chilli, Paprika, Spinach."
001DQ00000N9TWEYA3,Aloo Gobi,22.48,Side,true,18.0,"No known allergens. Ingredients: Salt, Basil, Coriander, Rice, Paprika, Spinach, Cumin, Garlic."
001DQ00000N9TWEYA3,Tandoori Chicken,23.74,Dessert,true,13.0,"Contains: Nuts. Ingredients: Chilli, Chickpeas, Lime, Bell Pepper, Rice, Garlic, Coriander, Almonds."
001DQ00000N9TWEYA3,Chicken Vindaloo,8.4,Drink,true,15.0,"No known allergens. Ingredients: Chilli, Lime, Paprika, Basil, Chickpeas, Bell Pepper, Garlic, Scallion."
001DQ00000N9TWEYA3,Samosa Chaat,10.57,Starter,true,19.0,"No known allergens. Ingredients: Scallion, Lettuce, Bell Pepper, Chilli, Olive Oil, Spinach, Paprika, Black Pepper."
001DQ00000N9TWEYA3,Garlic Naan,19.64,Main,true,8.0,"No known allergens. Ingredients: Mint, Carrot, Cumin, Lettuce, Scallion, Black Pepper, Potato, Olive Oil."
001DQ00000N9TWEYA3,Onion Bhaji,13.51,Side,true,8.0,"No known allergens. Ingredients: Cumin, Tomato, Onion, Basil, Carrot, Salt, Lettuce, Spinach."
001DQ00000N9TWEYA3,Saag Aloo,6.45,Dessert,true,11.0,"Contains: Shellfish. Ingredients: Chilli, Black Pepper, Mint, Salt, Lemon, Shrimp, Parsley, Lettuce."
001DQ00000N9TWEYA3,Prawn Masala,17.3,Drink,true,18.0,"No known allergens. Ingredients: Olive Oil, Chilli, Spinach, Cumin, Onion, Bell Pepper, Paprika, Salt."
001DQ00000N9TWEYA3,Chana Masala,9.54,Starter,true,30.0,"Contains: Eggs. Ingredients: Chilli, Onion, Egg Noodles, Paprika, Garlic, Black Pepper, Olive Oil, Scallion."
001DQ00000N9TWEYA3,Paneer Tikka,18.03,Main,true,28.0,"Contains: Dairy. Ingredients: Paneer, Lime, Potato, Mint, Ginger, Bell Pepper, Parsley, Coriander."
001DQ00000N9TWEYA3,Mango Lassi,18.99,Side,true,12.0,"Contains: Eggs, Shellfish. Ingredients: Mint, Tomato, Garlic, Bell Pepper, Lobster, Mayonnaise, Lime, Cumin."
001DQ00000N9TWEYA3,Gulab Jamun,13.08,Dessert,true,30.0,"Contains: Shellfish. Ingredients: Rice, Mint, Onion, Lime, Coriander, Shrimp, Chilli, Lettuce."
001DQ00000N9TWEYA3,Raita,5.49,Drink,true,29.0,"No known allergens. Ingredients: Carrot, Lettuce, Onion, Parsley, Tomato, Rice, Lemon, Scallion."
001DQ00000N9TWcYAN,Salmon Nigiri,16.44,Starter,true,12.0,"Contains: Sesame. Ingredients: Carrot, Basil, Lemon, Sesame Oil, Olive Oil, Paprika, Mint, Rice."
001DQ00000N9TWcYAN,Tuna Sashimi,8.74,Main,true,19.0,"Contains: Eggs. Ingredients: Salt, Egg Noodles, Onion, Potato, Rice, Cumin, Lettuce, Black Pepper."
001DQ00000N9TWcYAN,California Roll,12.79,Side,true,24.0,"No known allergens. Ingredients: Chickpeas, Lemon, Mint, Olive Oil, Salt, Rice, Parsley, Bell Pepper."
001DQ00000N9TWcYAN,Spicy Tuna Roll,10.66,Dessert,true,35.0,"Contains: Fish, Soy. Ingredients: Coriander, Parsley, Fish Sauce, Cumin, Lettuce, Soy Sauce, Mint, Chickpeas."
001DQ00000N9TWcYAN,Dragon Roll,8.19,Drink,true,21.0,"No known allergens. Ingredients: Olive Oil, Mint, Coriander, Lemon, Spinach, Black Pepper, Scallion, Chilli."
001DQ00000N9TWcYAN,Tempura Prawn Roll,15.93,Starter,true,28.0,"Contains: Gluten. Ingredients: Garlic, Wheat Flour, Chickpeas, Parsley, Mint, Carrot, Rice, Bell Pepper."
001DQ00000N9TWcYAN,Miso Soup,17.14,Main,true,23.0,"Contains: Dairy, Eggs. Ingredients: Mint, Bell Pepper, Garlic, Lemon, Milk, Chickpeas, Egg, Parsley."
001DQ00000N9TWcYAN,Edamame,9.63,Side,true,8.0,"No known allergens. Ingredients: Spinach, Onion, Mint, Lime, Carrot, Bell Pepper, Salt, Olive Oil."
001DQ00000N9TWcYAN,Eel Avocado Roll,19.72,Dessert,true,14.0,"Contains: Eggs. Ingredients: Mayonnaise, Scallion, Mint, Olive Oil, Parsley, Ginger, Black Pepper, Spinach."
001DQ00000N9TWcYAN,Rainbow Roll,9.85,Drink,true,34.0,"Contains: Nuts. Ingredients: Basil, Bell Pepper, Olive Oil, Pistachios, Chickpeas, Carrot, Parsley, Rice."
001DQ00000N9TWcYAN,Gyoza,16.73,Starter,true,34.0,"No known allergens. Ingredients: Ginger, Black Pepper, Onion, Spinach, Scallion, Mint, Coriander, Rice."
001DQ00000N9TWcYAN,Seaweed Salad,11.07,Main,true,29.0,"No known allergens. Ingredients: Tomato, Parsley, Mint, Ginger, Lime, Bell Pepper, Garlic, Cumin."
001DQ00000N9TWcYAN,Chicken Teriyaki,16.92,Side,true,11.0,"No known allergens. Ingredients: Carrot, Bell Pepper, Olive Oil, Black Pepper, Scallion, Potato, Ginger, Spinach."
001DQ00000N9TWcYAN,Unagi Don,20.76,Dessert,true,28.0,"Contains: Shellfish. Ingredients: Coriander, Lemon, Shrimp, Salt, Basil, Carrot, Lettuce, Black Pepper."
001DQ00000N9TWcYAN,Salmon Avocado Roll,12.62,Drink,false,22.0,"Contains: Soy. Ingredients: Paprika, Basil, Black Pepper, Lime, Tomato, Bell Pepper, Ginger, Soybean Oil."
001DQ00000N9TWcYAN,Vegetable Maki,4.81,Starter,true,15.0,"Contains: Gluten. Ingredients: Coriander, Basil, Pasta, Ginger, Rice, Tomato, Lettuce, Spinach."
001DQ00000N9TWcYAN,Chirashi Bowl,15.09,Main,true,17.0,"Contains: Gluten. Ingredients: Paprika, Tomato, Lemon, Wheat Flour, Chickpeas, Potato, Spinach, Rice."
001DQ00000N9TWcYAN,Mochi Ice Cream,15.92,Side,true,16.0,"Contains: Gluten. Ingredients: Wheat Flour, Paprika, Chilli, Basil, Bell Pepper, Potato, Salt, Olive Oil."
001DQ00000N9TWcYAN,Yakitori,16.1,Dessert,true,15.0,"Contains: Dairy, Sesame, Soy. Ingredients: Sesame Seeds, Tomato, Parsley, Butter, Onion, Lemon, Lime, Soy Sauce."
001DQ00000N9TWcYAN,Green Tea,7.89,Drink,true,17.0,"Contains: Gluten. Ingredients: Soy Sauce, Mint, Basil, Potato, Rice, Spinach, Lime, Garlic."
001DQ00000N9TWVYA3,Spaghetti Carbonara,12.35,Starter,true,24.0,"Contains: Fish. Ingredients: Tuna, Parsley, Tomato, Chilli, Olive Oil, Carrot, Garlic, Basil."
001DQ00000N9TWVYA3,Lasagne,13.77,Main,true,19.0,"Contains: Dairy, Fish, Soy. Ingredients: Coriander, Tofu, Potato, Tuna, Chickpeas, Butter, Rice, Basil."
001DQ00000N9TWVYA3,Penne Arrabbiata,23.6,Side,true,35.0,"No known allergens. Ingredients: Lemon, Rice, Onion, Olive Oil, Spinach, Black Pepper, Tomato, Mint."
001DQ00000N9TWVYA3,Risotto Funghi,12.36,Dessert,true,26.0,"No known allergens. Ingredients: Spinach, Olive Oil, Ginger, Carrot, Tomato, Chickpeas, Lime, Basil."
001DQ00000N9TWVYA3,Fettuccine Alfredo,16.76,Drink,true,30.0,"Contains: Dairy. Ingredients: Black Pepper, Coriander, Cumin, Parsley, Lemon, Salt, Feta, Carrot."
001DQ00000N9TWVYA3,Ravioli,22.48,Starter,true,26.0,"Contains: Nuts. Ingredients: Pistachios, Basil, Salt, Chilli, Lemon, Chickpeas, Bell Pepper, Garlic."
001DQ00000N9TWVYA3,Gnocchi,19.31,Main,true,11.0,"Contains: Dairy. Ingredients: Cream, Coriander, Lime, Mint, Olive Oil, Paprika, Rice, Lettuce."
001DQ00000N9TWVYA3,Minestrone,13.9,Side,false,34.0,"No known allergens. Ingredients: Carrot, Onion, Cumin, Garlic, Mint, Tomato, Paprika, Parsley."
001DQ00000N9TWVYA3,Bruschetta,21.07,Dessert,true,26.0,"Contains: Eggs. Ingredients: Potato, Onion, Basil, Mint, Spinach, Black Pepper, Mayonnaise, Garlic."
001DQ00000N9TWVYA3,Tiramisu,23.74,Drink,false,34.0,"No known allergens. Ingredients: Potato, Chilli, Bell Pepper, Black Pepper, Lime, Chickpeas, Salt, Spinach."
001DQ00000N9TWVYA3,Osso Buco,14.24,Starter,true,11.0,"Contains: Fish. Ingredients: Potato, Bell Pepper, Onion, Spinach, Basil, Scallion, Salmon, Lettuce."
001DQ00000N9TWVYA3,Linguine Vongole,20.61,Main,true,15.0,"Contains: Sesame. Ingredients: Paprika, Sesame Oil, Ginger, Mint, Garlic, Bell Pepper, Chilli, Lettuce."
001DQ00000N9TWVYA3,Caprese Salad,12.89,Side,true,28.0,"Contains: Dairy, Soy. Ingredients: Parsley, Mint, Garlic, Edamame, Halloumi, Onion, Coriander, Ginger."
001DQ00000N9TWVYA3,Panna Cotta,20.11,Dessert,true,20.0,"Contains: Eggs, Soy. Ingredients: Basil, Egg Noodles, Carrot, Salt, Soy Sauce, Olive Oil, Black Pepper, Bell Pepper."
001DQ00000N9TWVYA3,Spaghetti Bolognese,14.79,Drink,true,9.0,"Contains: Dairy, Fish, Nuts. Ingredients: Peanuts, Coriander, Black Pepper, Fish Sauce, Chilli, Ginger, Tomato, Feta."
001DQ00000N9TWVYA3,Margherita Flatbread,8.73,Starter,true,33.0,"No known allergens. Ingredients: Onion, Cumin, Carrot, Basil, Bell Pepper, Chilli, Garlic, Lemon."
001DQ00000N9TWVYA3,Arancini,9.87,Main,true,25.0,"No known allergens. Ingredients: Onion, Salt, Olive Oil, Bell Pepper, Ginger, Rice, Coriander, Lettuce."
001DQ00000N9TWVYA3,Cannoli,20.22,Side,true,22.0,"No known allergens. Ingredients: Rice, Chickpeas, Cumin, Paprika, Tomato, Black Pepper, Salt, Onion."
001DQ00000N9TWVYA3,Garlic Focaccia,21.53,Dessert,true,22.0,"No known allergens. Ingredients: Chickpeas, Rice, Salt, Black Pepper, Olive Oil, Chilli, Carrot, Spinach."
001DQ00000N9TWVYA3,Affogato,10.0,Drink,true,14.0,"Contains: Sesame. Ingredients: Tomato, Mint, Rice, Black Pepper, Potato, Ginger, Sesame Oil, Bell Pepper."
001DQ00000N9TWZYA3,Kung Pao Chicken,9.54,Starter,true,24.0,"Contains: Dairy, Soy. Ingredients: Paprika, Feta, Black Pepper, Onion, Bell Pepper, Chilli, Potato, Soy Sauce."
001DQ00000N9TWZYA3,Sweet and Sour Pork,10.11,Main,true,22.0,"No known allergens. Ingredients: Coriander, Potato, Lemon, Lettuce, Basil, Cumin, Paprika, Chickpeas."
001DQ00000N9TWZYA3,Beef Chow Mein,11.8,Side,true,14.0,"Contains: Nuts. Ingredients: Peanut Sauce, Ginger, Tomato, Mint, Rice, Paprika, Spinach, Olive Oil."
001DQ00000N9TWZYA3,Spring Rolls,11.63,Dessert,true,10.0,"No known allergens. Ingredients: Bell Pepper, Carrot, Chickpeas, Cumin, Mint, Salt, Lime, Spinach."
001DQ00000N9TWZYA3,Egg Fried Rice,12.02,Drink,true,31.0,"Contains: Sesame. Ingredients: Cumin, Rice, Paprika, Salt, Basil, Tahini, Mint, Garlic."
001DQ00000N9TWZYA3,Dim Sum Platter,13.11,Starter,true,25.0,"No known allergens. Ingredients: Black Pepper, Basil, Rice, Coriander, Tomato, Scallion, Cumin, Lime."
001DQ00000N9TWZYA3,Mapo Tofu,8.88,Main,false,23.0,"No known allergens. Ingredients: Scallion, Salt, Paprika, Olive Oil, Carrot, Black Pepper, Lemon, Mint."
001DQ00000N9TWZYA3,Peking Duck,19.3,Side,true,30.0,"Contains: Fish. Ingredients: Fish Sauce, Parsley, Lemon, Olive Oil, Ginger, Rice, Salt, Tomato."
001DQ00000N9TWZYA3,Wonton Soup,4.75,Dessert,true,35.0,"Contains: Eggs. Ingredients: Potato, Ginger, Rice, Mayonnaise, Chickpeas, Olive Oil, Lime, Salt."
001DQ00000N9TWZYA3,Char Siu Pork,15.99,Drink,true,28.0,"Contains: Eggs, Shellfish. Ingredients: Lettuce, Rice, Egg, Parsley, Mint, Squid, Potato, Garlic."
001DQ00000N9TWZYA3,Hot and Sour Soup,10.2,Starter,true,12.0,"Contains: Sesame. Ingredients: Ginger, Lettuce, Parsley, Tahini, Potato, Cumin, Paprika, Rice."
001DQ00000N9TWZYA3,Sesame Chicken,11.3,Main,true,26.0,"No known allergens. Ingredients: Spinach, Ginger, Coriander, Bell Pepper, Salt, Lime, Paprika, Chickpeas."
001DQ00000N9TWZYA3,Dumplings,22.8,Side,true,31.0,"Contains: Eggs. Ingredients: Olive Oil, Chilli, Paprika, Scallion, Mayonnaise, Rice, Onion, Mint."
001DQ00000N9TWZYA3,Chow Fun,14.5,Dessert,true,12.0,"No known allergens. Ingredients: Cumin, Salt, Mint, Basil, Chilli, Spinach, Bell Pepper, Scallion."
001DQ00000N9TWZYA3,Salt and Pepper Squid,14.76,Drink,true,31.0,"No known allergens. Ingredients: Chickpeas, Potato, Parsley, Spinach, Cumin, Chilli, Lettuce, Lemon."
001DQ00000N9TWZYA3,Crispy Beef,21.8,Starter,false,30.0,"Contains: Dairy. Ingredients: Garlic, Olive Oil, Scallion, Rice, Potato, Halloumi, Salt, Spinach."
001DQ00000N9TWZYA3,Vegetable Spring Roll,11.31,Main,true,24.0,"Contains: Dairy. Ingredients: Black Pepper, Rice, Basil, Lettuce, Ginger, Cream, Coriander, Paprika."
001DQ00000N9TWZYA3,Fortune Cookie,23.17,Side,true,23.0,"Contains: Gluten, Shellfish. Ingredients: Lime, Scallion, Carrot, Bell Pepper, Lettuce, Lobster, Pasta, Olive Oil."
001DQ00000N9TWZYA3,Prawn Toast,12.51,Dessert,true,9.0,"No known allergens. Ingredients: Lemon, Carrot, Ginger, Chilli, Mint, Black Pepper, Onion, Potato."
001DQ00000N9TWZYA3,Egg Drop Soup,8.17,Drink,true,10.0,"Contains: Eggs, Gluten, Soy. Ingredients: Tofu, Basil, Carrot, Potato, Coriander, Flour Tortilla, Egg Noodles, Onion."
